{"bl6_offset0_as1": [[15.0, 15.588457268119896], [[-6.0, 0.0], [3.0, 5.196152422706632], [3.0, -5.196152422706632]]], "bl6_offset0_as2": [[15.0, 15.588457268119896], [[-6.0, 0.0], [3.0, 5.196152422706632], [3.0, -5.196152422706632]]], "bl6_offset1_as1": [[14.0, 15.588457268119896], [[-6.0, 0.0], [3.0, 5.196152422706632], [3.0, -5.196152422706632]]], "bl6_offset1_as2": [[14.0, 15.588457268119896], [[-6.0, 0.0], [3.0, 5.196152422706632], [3.0, -5.196152422706632]]], "bl6_offset2_as1": [[19.0, 15.588457268119896], [[6.0, 0.0], [-3.0, -5.196152422706632], [-3.0, 5.196152422706632]]], "bl6_offset2_as2": [[19.0, 15.588457268119896], [[6.0, 0.0], [-3.0, -5.196152422706632], [-3.0, 5.196152422706632]]], "bl6_offset3_as1": [[18.0, 15.588457268119896], [[6.0, 0.0], [-3.0, -5.196152422706632], [-3.0, 5.196152422706632]]], "bl6_offset3_as2": [[18.0, 15.588457268119896], [[6.0, 0.0], [-3.0, -5.196152422706632], [-3.0, 5.196152422706632]]], "bl6_offset4_as1": [[17.0, 15.588457268119896], [[6.0, 0.0], [-3.0, -5.196152422706632], [-3.0, 5.196152422706632]]], "bl6_offset4_as2": [[17.0, 15.588457268119896], [[6.0, 0.0], [-3.0, -5.196152422706632], [-3.0, 5.196152422706632]]], "bl6_offset5_as1": [[16.0, 15.588457268119896], [[6.0, 0.0], [-3.0, -5.196152422706632], [-3.0, 5.196152422706632]]], "bl6_offset5_as2": [[16.0, 15.588457268119896], [[6.0, 0.0], [-3.0, -5.196152422706632], [-3.0, 5.196152422706632]]], "bl6_offset6_as1": [[15.0, 15.588457268119896], [[6.0, 0.0], [-3.0, -5.196152422706632], [-3.0, 5.196152422706632]]], "bl6_offset6_as2": [[15.0, 15.588457268119896], [[6.0, 0.0], [-3.0, -5.196152422706632], [-3.0, 5.196152422706632]]], "bl6_offset7_as1": [[14.0, 15.588457268119896], [[6.0, 0.0], [-3.0, -5.196152422706632], [-3.0, 5.196152422706632]]], "bl6_offset7_as2": [[14.0, 15.588457268119896], [[6.0, 0.0], [-3.0, -5.196152422706632], [-3.0, 5.196152422706632]]], "bl6_offset8_as1": [[13.0, 15.588457268119896], [[6.0, 0.0], [-3.0, -5.196152422706632], [-3.0, 5.196152422706632]]], "bl6_offset8_as2": [[13.0, 15.588457268119896], [[6.0, 0.0], [-3.0, -5.196152422706632], [-3.0, 5.196152422706632]]], "bl6_offset9_as1": [[12.0, 15.588457268119896], [[6.0, 0.0], [-3.0, -5.196152422706632], [-3.0, 5.196152422706632]]], "bl6_offset9_as2": [[12.0, 15.588457268119896], [[6.0, 0.0], [-3.0, -5.196152422706632], [-3.0, 5.196152422706632]]], "bl7_offset0_as1": [[17.5, 18.186533479473212], [[-7.0, 0.0], [3.5, 6.0621778264910695], [3.5, -6.0621778264910695]]], "bl7_offset0_as2": [[17.5, 18.186533479473212], [[-7.0, 0.0], [3.5, 6.0621778264910695], [3.5, -6.0621778264910695]]], "bl7_offset1_as1": [[16.5, 18.186533479473212], [[-7.0, 0.0], [3.5, 6.0621778264910695], [3.5, -6.0621778264910695]]], "bl7_offset1_as2": [[16.5, 18.186533479473212], [[-7.0, 0.0], [3.5, 6.0621778264910695], [3.5, -6.0621778264910695]]], "bl7_offset2_as1": [[15.5, 18.186533479473212], [[-7.0, 0.0], [3.5, 6.0621778264910695], [3.5, -6.0621778264910695]]], "bl7_offset2_as2": [[15.5, 18.186533479473212], [[-7.0, 0.0], [3.5, 6.0621778264910695], [3.5, -6.0621778264910695]]], "bl7_offset3_as1": [[14.5, 18.186533479473212], [[-7.0, 0.0], [3.5, 6.0621778264910695], [3.5, -6.0621778264910695]]], "bl7_offset3_as2": [[14.5, 18.186533479473212], [[-7.0, 0.0], [3.5, 6.0621778264910695], [3.5, -6.0621778264910695]]], "bl7_offset4_as1": [[13.5, 18.186533479473212], [[-7.0, 0.0], [3.5, 6.0621778264910695], [3.5, -6.0621778264910695]]], "bl7_offset4_as2": [[13.5, 18.186533479473212], [[-7.0, 0.0], [3.5, 6.0621778264910695], [3.5, -6.0621778264910695]]], "bl7_offset5_as1": [[19.5, 18.186533479473212], [[7.0, 0.0], [-3.5, -6.0621778264910695], [-3.5, 6.0621778264910695]]], "bl7_offset5_as2": [[19.5, 18.186533479473212], [[7.0, 0.0], [-3.5, -6.0621778264910695], [-3.5, 6.0621778264910695]]], "bl7_offset6_as1": [[18.5, 18.186533479473212], [[7.0, 0.0], [-3.5, -6.0621778264910695], [-3.5, 6.0621778264910695]]], "bl7_offset6_as2": [[18.5, 18.186533479473212], [[7.0, 0.0], [-3.5, -6.0621778264910695], [-3.5, 6.0621778264910695]]], "bl7_offset7_as1": [[17.5, 18.186533479473212], [[7.0, 0.0], [-3.5, -6.0621778264910695], [-3.5, 6.0621778264910695]]], "bl7_offset7_as2": [[17.5, 18.186533479473212], [[7.0, 0.0], [-3.5, -6.0621778264910695], [-3.5, 6.0621778264910695]]], "bl7_offset8_as1": [[16.5, 18.186533479473212], [[7.0, 0.0], [-3.5, -6.0621778264910695], [-3.5, 6.0621778264910695]]], "bl7_offset8_as2": [[16.5, 18.186533479473212], [[7.0, 0.0], [-3.5, -6.0621778264910695], [-3.5, 6.0621778264910695]]], "bl7_offset9_as1": [[15.5, 18.186533479473212], [[7.0, 0.0], [-3.5, -6.0621778264910695], [-3.5, 6.0621778264910695]]], "bl7_offset9_as2": [[15.5, 18.186533479473212], [[7.0, 0.0], [-3.5, -6.0621778264910695], [-3.5, 6.0621778264910695]]], "bl8_offset0_as1": [[16.0, 13.85640646055102], [[8.0, 0.0], [-4.0, -6.928203230275509], [-4.0, 6.928203230275509]]], "bl8_offset0_as2": [[16.0, 13.85640646055102], [[8.0, 0.0], [-4.0, -6.928203230275509], [-4.0, 6.928203230275509]]], "bl8_offset1_as1": [[15.0, 13.85640646055102], [[8.0, 0.0], [-4.0, -6.928203230275509], [-4.0, 6.928203230275509]]], "bl8_offset1_as2": [[15.0, 13.85640646055102], [[8.0, 0.0], [-4.0, -6.928203230275509], [-4.0, 6.928203230275509]]], "bl8_offset2_as1": [[14.0, 13.85640646055102], [[8.0, 0.0], [-4.0, -6.928203230275509], [-4.0, 6.928203230275509]]], "bl8_offset2_as2": [[14.0, 13.85640646055102], [[8.0, 0.0], [-4.0, -6.928203230275509], [-4.0, 6.928203230275509]]], "bl8_offset3_as1": [[13.0, 13.85640646055102], [[8.0, 0.0], [-4.0, -6.928203230275509], [-4.0, 6.928203230275509]]], "bl8_offset3_as2": [[13.0, 13.85640646055102], [[8.0, 0.0], [-4.0, -6.928203230275509], [-4.0, 6.928203230275509]]], "bl8_offset4_as1": [[12.0, 13.85640646055102], [[8.0, 0.0], [-4.0, -6.928203230275509], [-4.0, 6.928203230275509]]], "bl8_offset4_as2": [[12.0, 13.85640646055102], [[8.0, 0.0], [-4.0, -6.928203230275509], [-4.0, 6.928203230275509]]], "bl8_offset5_as1": [[15.0, 20.784609690826528], [[-8.0, 0.0], [4.0, 6.928203230275509], [4.0, -6.928203230275507]]], "bl8_offset5_as2": [[15.0, 20.784609690826528], [[-8.0, 0.0], [4.0, 6.928203230275509], [4.0, -6.928203230275507]]], "bl8_offset6_as1": [[14.0, 20.784609690826528], [[-8.0, 0.0], [4.0, 6.928203230275509], [4.0, -6.928203230275507]]], "bl8_offset6_as2": [[14.0, 20.784609690826528], [[-8.0, 0.0], [4.0, 6.928203230275509], [4.0, -6.928203230275507]]], "bl8_offset7_as1": [[13.0, 20.784609690826528], [[-8.0, 0.0], [4.0, 6.928203230275509], [4.0, -6.928203230275507]]], "bl8_offset7_as2": [[13.0, 20.784609690826528], [[-8.0, 0.0], [4.0, 6.928203230275509], [4.0, -6.928203230275507]]], "bl8_offset8_as1": [[20.0, 20.784609690826528], [[8.0, 0.0], [-4.0, -6.928203230275507], [-4.0, 6.928203230275509]]], "bl8_offset8_as2": [[20.0, 20.784609690826528], [[8.0, 0.0], [-4.0, -6.928203230275507], [-4.0, 6.928203230275509]]], "bl8_offset9_as1": [[19.0, 20.784609690826528], [[8.0, 0.0], [-4.0, -6.928203230275507], [-4.0, 6.928203230275509]]], "bl8_offset9_as2": [[19.0, 20.784609690826528], [[8.0, 0.0], [-4.0, -6.928203230275507], [-4.0, 6.928203230275509]]], "bl9_offset0_as1": [[18.0, 15.588457268119896], [[9.0, 0.0], [-4.5, -7.794228634059948], [-4.5, 7.794228634059947]]], "bl9_offset0_as2": [[18.0, 15.588457268119896], [[9.0, 0.0], [-4.5, -7.794228634059948], [-4.5, 7.794228634059947]]], "bl9_offset1_as1": [[17.0, 15.588457268119896], [[9.0, 0.0], [-4.5, -7.794228634059948], [-4.5, 7.794228634059947]]], "bl9_offset1_as2": [[17.0, 15.588457268119896], [[9.0, 0.0], [-4.5, -7.794228634059948], [-4.5, 7.794228634059947]]], "bl9_offset2_as1": [[16.0, 15.588457268119896], [[9.0, 0.0], [-4.5, -7.794228634059948], [-4.5, 7.794228634059947]]], "bl9_offset2_as2": [[16.0, 15.588457268119896], [[9.0, 0.0], [-4.5, -7.794228634059948], [-4.5, 7.794228634059947]]], "bl9_offset3_as1": [[15.0, 15.588457268119896], [[9.0, 0.0], [-4.5, -7.794228634059948], [-4.5, 7.794228634059947]]],