filename,x_coord,y_coord,neighbor1x,neighbor1y,neighbor2x,neighbor2y,neighbor3x,neighbor3y
lattice_0.npy,0.6621118783950806,0.4716780483722687,0.2689201235771179,-0.14331956207752228,-0.25710463523864746,-0.1618555784225464,-0.011351337656378746,0.3048466742038727
lattice_1.npy,0.390584796667099,0.43977370858192444,-0.2527982294559479,-0.032048359513282776,0.10063943266868591,0.23484712839126587,0.15489929914474487,-0.20317304134368896
lattice_2.npy,0.570497989654541,0.546171247959137,0.20063018798828125,0.07534864544868469,-0.03307969123125076,-0.21047934889793396,-0.16601954400539398,0.13552772998809814
lattice_3.npy,0.4621376097202301,0.4728641211986542,0.2675003111362457,-0.06835444271564484,-0.19232572615146637,-0.19820424914360046,-0.07491575181484222,0.2659650146961212
lattice_4.npy,0.62419593334198,0.4483618438243866,-0.26935839653015137,0.029210101813077927,0.16169501841068268,0.21953290700912476,0.11057768017053604,-0.24931907653808594
