{"bl6_offset0_as1": [0.46875, 0.48713928962874675], "bl6_offset0_as2": [0.46875, 0.48713928962874675], "bl6_offset1_as1": [0.4375, 0.48713928962874675], "bl6_offset1_as2": [0.4375, 0.48713928962874675], "bl6_offset2_as1": [0.59375, 0.48713928962874675], "bl6_offset2_as2": [0.59375, 0.48713928962874675], "bl6_offset3_as1": [0.5625, 0.48713928962874675], "bl6_offset3_as2": [0.5625, 0.48713928962874675], "bl6_offset4_as1": [0.53125, 0.48713928962874675], "bl6_offset4_as2": [0.53125, 0.48713928962874675], "bl6_offset5_as1": [0.5, 0.48713928962874675], "bl6_offset5_as2": [0.5, 0.48713928962874675], "bl6_offset6_as1": [0.46875, 0.48713928962874675], "bl6_offset6_as2": [0.46875, 0.48713928962874675], "bl6_offset7_as1": [0.4375, 0.48713928962874675], "bl6_offset7_as2": [0.4375, 0.48713928962874675], "bl6_offset8_as1": [0.40625, 0.48713928962874675], "bl6_offset8_as2": [0.40625, 0.48713928962874675], "bl6_offset9_as1": [0.375, 0.48713928962874675], "bl6_offset9_as2": [0.375, 0.48713928962874675], "bl6_offset10_as1": [0.34375, 0.48713928962874675], "bl6_offset10_as2": [0.34375, 0.48713928962874675], "bl6_offset11_as1": [0.59375, 0.6495190528383289], "bl6_offset11_as2": [0.59375, 0.6495190528383289], "bl6_offset12_as1": [0.65625, 0.48713928962874675], "bl6_offset12_as2": [0.65625, 0.48713928962874675], "bl6_offset13_as1": [0.625, 0.48713928962874675], "bl6_offset13_as2": [0.625, 0.48713928962874675], "bl6_offset14_as1": [0.59375, 0.48713928962874675], "bl6_offset14_as2": [0.59375, 0.48713928962874675], "bl7_offset0_as1": [0.546875, 0.5683291712335379], "bl7_offset0_as2": [0.546875, 0.5683291712335379], "bl7_offset1_as1": [0.515625, 0.5683291712335379], "bl7_offset1_as2": [0.515625, 0.5683291712335379], "bl7_offset2_as1": [0.484375, 0.5683291712335379], "bl7_offset2_as2": [0.484375, 0.5683291712335379], "bl7_offset3_as1": [0.453125, 0.5683291712335379], "bl7_offset3_as2": [0.453125, 0.5683291712335379], "bl7_offset4_as1": [0.421875, 0.5683291712335379], "bl7_offset4_as2": [0.421875, 0.5683291712335379], "bl7_offset5_as1": [0.609375, 0.5683291712335379], "bl7_offset5_as2": [0.609375, 0.5683291712335379], "bl7_offset6_as1": [0.578125, 0.5683291712335379], "bl7_offset6_as2": [0.578125, 0.5683291712335379], "bl7_offset7_as1": [0.546875, 0.5683291712335379], "bl7_offset7_as2": [0.546875, 0.5683291712335379], "bl7_offset8_as1": [0.515625, 0.5683291712335379], "bl7_offset8_as2": [0.515625, 0.5683291712335379], "bl7_offset9_as1": [0.484375, 0.5683291712335379], "bl7_offset9_as2": [0.484375, 0.5683291712335379], "bl7_offset10_as1": [0.453125, 0.5683291712335379], "bl7_offset10_as2": [0.453125, 0.5683291712335379], "bl7_offset11_as1": [0.421875, 0.5683291712335379], "bl7_offset11_as2": [0.421875, 0.5683291712335379], "bl7_offset12_as1": [0.5, 0.3788861141556919], "bl7_offset12_as2": [0.5, 0.3788861141556919], "bl7_offset13_as1": [0.46875, 0.3788861141556919], "bl7_offset13_as2": [0.46875, 0.3788861141556919], "bl7_offset14_as1": [0.4375, 0.3788861141556919], "bl7_offset14_as2": [0.4375, 0.3788861141556919], "bl8_offset0_as1": [0.5, 0.43301270189221935], "bl8_offset0_as2": [0.5, 0.43301270189221935], "bl8_offset1_as1": [0.46875, 0.43301270189221935], "bl8_offset1_as2": [0.46875, 0.43301270189221935], "bl8_offset2_as1": [0.4375, 0.43301270189221935], "bl8_offset2_as2": [0.4375, 0.43301270189221935], "bl8_offset3_as1": [0.40625, 0.43301270189221935], "bl8_offset3_as2": [0.40625, 0.43301270189221935], "bl8_offset4_as1": [0.375, 0.43301270189221935], "bl8_offset4_as2": [0.375, 0.43301270189221935], "bl8_offset5_as1": [0.46875, 0.649519052838329], "bl8_offset5_as2": [0.46875, 0.649519052838329], "bl8_offset6_as1": [0.4375, 0.649519052838329], "bl8_offset6_as2": [0.4375, 0.649519052838329], "bl8_offset7_as1": [0.40625, 0.649519052838329], "bl8_offset7_as2": [0.40625, 0.649519052838329], "bl8_offset8_as1": [0.625, 0.649519052838329], "bl8_offset8_as2": [0.625, 0.649519052838329], "bl8_offset9_as1": [0.59375, 0.649519052838329], "bl8_offset9_as2": [0.59375, 0.649519052838329], "bl8_offset10_as1": [0.5625, 0.649519052838329], "bl8_offset10_as2": [0.5625, 0.649519052838329], "bl8_offset11_as1": [0.53125, 0.649519052838329], "bl8_offset11_as2": [0.53125, 0.649519052838329], "bl8_offset12_as1": [0.625, 0.4330127018922193], "bl8_offset12_as2": [0.625, 0.4330127018922193], "bl8_offset13_as1": [0.59375, 0.4330127018922193], "bl8_offset13_as2": [0.59375, 0.4330127018922193], "bl8_offset14_as1": [0.5625, 0.4330127018922193], "bl8_offset14_as2": [0.5625, 0.4330127018922193], "bl9_offset0_as1": [0.5625, 0.48713928962874675], "bl9_offset0_as2": [0.5625, 0.48713928962874675], "bl9_offset1_as1": [0.53125, 0.48713928962874675], "bl9_offset1_as2": [0.53125, 0.48713928962874675], "bl9_offset2_as1": [0.5, 0.48713928962874675], "bl9_offset2_as2": [0.5, 0.48713928962874675], "bl9_offset3_as1": [0.46875, 0.48713928962874675], "bl9_offset3_as2": [0.46875, 0.48713928962874675], "bl9_offset4_as1": [0.4375, 0.48713928962874675], "bl9_offset4_as2": [0.4375, 0.48713928962874675], "bl9_offset5_as1": [0.40625, 0.48713928962874675], "bl9_offset5_as2": [0.40625, 0.48713928962874675], "bl9_offset6_as1": [0.375, 0.48713928962874675], "bl9_offset6_as2": [0.375, 0.48713928962874675], "bl9_offset7_as1": [0.34375, 0.48713928962874675], "bl9_offset7_as2": [0.34375, 0.48713928962874675], "bl9_offset8_as1": [0.3125, 0.48713928962874675], "bl9_offset8_as2": [0.3125, 0.48713928962874675], "bl9_offset9_as1": [0.28125, 0.48713928962874675], "bl9_offset9_as2": [0.28125, 0.48713928962874675], "bl9_offset10_as1": [0.25, 0.48713928962874675], "bl9_offset10_as2": [0.25, 0.48713928962874675], "bl9_offset11_as1": [0.640625, 0.73070893444312], "bl9_offset11_as2": [0.640625, 0.73070893444312], "bl9_offset12_as1": [0.75, 0.4871392896287467], "bl9_offset12_as2": [0.75, 0.4871392896287467], "bl9_offset13_as1": [0.71875, 0.4871392896287467], "bl9_offset13_as2": [0.71875, 0.4871392896287467], "bl9_offset14_as1": [0.6875, 0.4871392896287467], "bl9_offset14_as2": [0.6875, 0.4871392896287467]}